id;age;weight;height;sex
1;101,56;23,1;154;M
2;63,95;24;128;M
3;75,65;19,2;119;F
4;76,14;22;126;F
5;76,7;19,5;118;F
6;75,52;20;119;F
7;77,49;17;109;F
8;71,64;21,4;122;F
9;77,85;24;128;M
10;73,32;25;129;M
11;73,15;21,5;120;F
12;72,16;24,5;127;M
13;74,17;23,5;124;M
14;76,67;22;119;F
15;71,28;22;119;M
16;73,64;24,5;122;F
17;71,28;22,5;117;F
18;75,48;24,6;122;M
19;76,73;20,5;111;M
20;75,81;32;136;F
21;75,58;25;120;M
22;74,63;27;121;F
23;76,83;27,5;121;M
24;76,24;33;130;M
25;76,24;40;137;M
26;88,64;20;125;M
27;85,18;20;127;F
28;82,32;19;120;F
29;88,7;19;118;M
30;86,47;21,3;123;M
31;85,61;21,3;123;M
32;78,02;28;142;F
33;86,73;21,4;122;M
34;88,83;21;120;M
35;88,31;24;128;F
36;81,6;24,2;128;M
37;89,85;23;124;M
38;84,66;21;119;F
39;86,01;21;118;M
40;79,17;21;118;M
41;82,29;21;117;M
42;88,18;26;130;F
43;78,12;20,5;116;F
44;87,42;26;130;F
45;82,03;20;114;M
46;78,54;23,5;124;F
47;80,75;25;127;M
48;82,16;21;116;M
49;82,06;24;124;M
50;88,87;26,9;130;M
51;82,06;23;120;M
52;79,07;28;132;M
53;83,18;27;129;M
54;82,59;23;119;M
55;82,09;28;131;M
56;82,98;21,3;114;M
57;81,07;24;121;M
58;87,02;28;130;M
59;79,73;27,5;129;F
60;80,65;24;120;F
61;82,65;18,5;105;F
62;78,21;31,7;138;M
63;83,74;29;130;F
64;78,67;28;127;F
65;87,42;29;128;F
66;80,81;30;132;M
67;86,89;33;136;F
68;88,77;29;127;F
69;89,69;29;128;M
70;87,48;30,5;130;F
71;82,19;34;136;M
72;85,41;29;123;F
73;88,21;31;128;M
74;87,02;31;128;M
75;89,59;34;131;F
76;81,76;33;129;F
77;83,9;38;137;F
78;83,05;29,3;123;M
79;80,02;32,5;130;M
80;86,4;40;134;F
81;79,59;38,2;135;M
82;83,01;43;141;M
83;84,13;47;139;M
84;92,71;14;115;F
85;93,8;19;127;F
86;94,32;19;125;F
87;93,24;24;133;F
88;95,18;28;141;M
89;93,83;17;110;F
90;91,82;25;132;M
91;90,21;27;135;M
92;92,94;19;113;F
93;92,58;25;128;F
94;91,46;25;128;F
95;91,89;25;128;F
96;90,05;26;130;M
97;93,34;23,8;124;M
98;91,59;24;125;F
99;90,18;20;114;F
100;95,74;24;122;F
101;90,54;25;125;F
102;97,35;24;121;M
103;91,76;30;135;M
104;91,79;24;120;F
105;94,09;30;133;M
106;95,67;27;126;M
107;91,99;26;124;M
108;101,88;27;125;M
109;99,98;30;131;M
110;99,65;30;128;F
111;90,18;32;132;F
112;94,22;35;135;F
113;92,88;33;131;F
114;92,12;31;128;M
115;97,64;32;126;F
116;92,71;32;127;M
117;90,58;34;126;F
118;89,98;36;133;M
119;90,48;37;134;M
120;99,98;38;129;F
121;101,56;45;142;M
122;99,58;46;142;M
123;90,97;47,5;132;F
124;106,78;29;136;F
125;103,1;24;123;M
126;102,87;28;133;F
127;103;22;117;M
128;105,96;31;138;M
129;112,87;27;126;F
130;105,27;27;126;F
131;106,26;26;123;M
132;107,15;30;130;M
133;102,28;28;126;M
134;108,07;28;125;M
135;113,36;30;127;M
136;107,84;31;128;F
137;103,89;34;132;F
138;110,6;37;138;M
139;110,24;33;128;M
140;107,97;41;137;F
141;105,3;39;135;M
142;111,52;34;124;M
143;102,54;37;130;M
144;102,97;51;148;M
145;105,7;45;135;M
146;108,56;52;135;F
147;104,28;46;132;M
148;108,79;54;136;M
149;113,26;56;132;M
150;122,14;35;142;F
151;119,77;31;135;M
152;125,03;33;130;F
153;120,43;35;131;F
154;121,94;28;115;M
155;120,13;50;144;F
156;115,36;48;133;M
157;135,65;37;156;M
158;131,84;30;138;F
159;134,89;35;148;F
160;132,92;35;148;F
161;130,85;31;140;M
162;133,94;40;154;F
163;136,18;36;142;F
164;137,69;45;157;F
165;131,97;38;143;F
166;136,8;38;140;F
167;134,24;40;133;F
168;126,02;37;127;M
169;131,74;45;131;F
170;137,33;73;155;F
171;140,84;30;140;F
172;145,94;32;143;F
173;138,71;32;141;F
174;146,83;38;151;F
175;140,38;37;149;F
176;148,6;39;150;F
177;139,2;36;145;F
178;145,51;45;155;M
179;144,49;43;150;M
180;148,6;52;163;M
181;138,41;50;155;F
182;147,72;50;151;F
183;138,05;54;150;F
184;148,5;65;160;F
185;140,78;58;153;M
186;141,5;57;150;M
187;145,18;77;159;M
188;143,24;87;160;F
189;158,83;38;162;F
190;161,79;38;159;M
191;158,24;36;151;F
192;156,82;38;156;M
193;161,29;42;162;F
194;154,52;38;156;M
195;154,39;37;151;M
196;159,35;43;160;F
197;158,47;40;150;M
198;153,04;49;167;M
199;152,02;40;149;F
200;151,17;47;161;M
201;153,6;49;163;M
202;155,38;48;156;F
203;157,48;53;161;F
204;152,78;50;157;F
205;155,9;59;168;F
206;150,58;50;154;F
207;159,98;52;152;F
208;156,23;66;169;M
209;156,39;70;165;F
210;161,65;75;167;M
211;165,99;39;162;M
212;164,02;45;170;F
213;167,57;46;171;M
214;165,01;43;161;M
215;172,8;43;158;F
216;164,35;49;170;F
217;167,08;44;159;F
218;166,75;49;169;M
219;165,01;50;171;M
220;162,77;36;145;M
221;165,76;53;175;M
222;172,14;44;156;F
223;171,65;56;175;F
224;172,8;46;158;F
225;163,79;58;181;M
226;173,82;53;168;F
227;165,53;46;160;M
228;172,44;47;158;F
229;170,66;56;172;F
230;171,29;54;169;M
231;164,35;48;159;F
232;170,2;53;165;F
233;165,24;50;163;M
234;170,7;50;161;M
235;171,81;58;171;M
236;170,7;57;169;M
237;172,44;57;168;M
238;168,62;58;170;M
239;165,57;49;154;F
240;167,47;59;167;M
241;169,97;55;157;M
242;166,98;57;160;M
243;169,94;59;160;M
244;168,36;68;169;M
245;172,34;79;164;F
246;179,05;46;167;F
247;174,81;44;158;M
248;184,83;59;179;M
249;178,75;51;165;F
250;174,44;55;162;F
251;175,33;53;159;M
252;174,77;54;157;F
253;177,57;67;171;M
254;180,07;67;170;M
255;181,81;70;170;F
256;176,81;60;158;F
257;196,27;52;170;M
258;188,25;45;160;F
259;188,22;65;159;F
260;198,87;51;165;M
261;74,96;16,6;112,55;M
262;69,4;16,3;111,85;F
263;73,84;18,4;118;F
264;75,62;16;109,45;F
265;77,59;20,4;120,9;M
266;77,85;19,5;118;F
267;77,26;21,4;122;F
268;77,75;17,3;108,8;M
269;75,12;20,6;119,5;F
270;75,06;21;120;F
271;74,24;19,7;115;M
272;73,51;36,8;156,5;M
273;74,96;20,5;117;F
274;77,92;21,1;118,2;F
275;77,65;20,5;116;F
276;75,52;26,1;130,5;M
277;73,55;22,6;119,9;F
278;74,86;19,1;109,6;M
279;77,19;23;120;M
280;76,9;24,1;122,05;F
281;76,24;22,4;117,95;M
282;77,42;21,3;114,5;M
283;75,09;20,5;111,85;F
284;73,64;20,8;112,45;M
285;75,62;24;120;F
286;69,3;25,4;123,85;M
287;74,83;25,3;121,95;F
288;74,89;21,8;113,15;F
289;74,89;27;125,55;M
290;75,19;28;121,35;F
291;77,65;27,5;121;M
292;77,85;23,8;110,3;F
293;77,59;29,3;123;M
294;76,93;33;130;M
295;77,33;36,1;126,8;F
296;81,93;17,9;119,6;M
297;86,3;16,2;115,45;F
298;87,52;20,4;127;F
299;83,67;19,9;125;F
300;88,9;19,3;122,5;F
301;85,64;19;120;F
302;83,21;22,1;127,05;M
303;83,38;18,5;115,45;M
304;86,27;18,6;117;F
305;80,75;19,2;119;F
306;80,42;18,7;116,05;M
307;83,44;18,4;116;F
308;80,28;21,1;122,9;M
309;82,95;19,7;118,3;M
310;83,67;21,5;123,5;M
311;87,39;17,3;110,55;M
312;89,59;24,7;131,95;M
313;88,37;24,1;130,4;M
314;83,64;22;126;F
315;79,56;18;112,95;M
316;83,77;21,9;124,2;M
317;87,52;22,9;128,05;F
318;81,11;20,3;119,5;M
319;83,41;19,3;117,5;F
320;85,84;22,8;127,45;F
321;87,12;17;109,85;F
322;79,76;19,8;118,85;F
323;81,83;21,7;124,3;F
324;84,46;19,2;116,5;F
325;88,34;19,7;117,7;F
326;78,21;18,4;113,2;M
327;85,28;19,4;116,3;F
328;88,64;22,9;126,15;F
329;78,54;18,4;113,55;F
330;85,15;22;123,55;F
331;85,71;24;128,95;F
332;84,92;24,7;129,85;M
333;80,68;21,4;121,9;F
334;79,5;20,4;119;F
335;87,81;24,2;128;M
336;81,83;18,7;113,35;F
337;87,88;20,6;117,8;M
338;85,48;21;118,85;M
339;88,21;21,4;119,5;M
340;82,78;22,7;124;F
341;80,65;20,2;117;F
342;79,3;18,7;111,95;M
343;86,01;20,6;117;M
344;82,39;21,8;121;F
345;89,36;24,5;127,05;M
346;81,47;21,3;119;M
347;83,8;19,4;113,95;F
348;82,16;21,5;120;F
349;82,92;21;117,95;M
350;87,81;24,5;127;M
351;81,83;26,6;132,7;M
352;82,06;21,6;120;F
353;80,81;22,5;122;M
354;83,84;23;123,15;M
355;85,02;17,6;108,05;F
356;81,76;24,4;127,4;F
357;85,15;22,5;122;F
358;79,86;19,4;113,6;F
359;80,78;18,5;110,45;M
360;89,52;24,7;127,4;F
361;84,72;21,5;118,7;M
362;86,99;26,9;133;F
363;88,83;22,9;122,05;M
364;87,75;20,3;114,8;M
365;88,64;23,5;123,75;F
366;81,07;20,1;114,85;F
367;77,98;23,5;124;M
368;84,03;22,6;121,5;F
369;88,14;24,4;125,5;M
370;87,88;21,7;118,8;F
371;87,32;24,5;126,15;F
372;87,09;21,8;118,95;F
373;82,26;22,6;121,45;F
374;88,37;26,1;129,5;M
375;79,63;21,9;119,25;M
376;81,27;24,3;125,6;F
377;79,43;21,9;119;M
378;88,04;23,1;121,55;M
379;83,05;30,4;140;F
380;87,78;21,2;116,2;M
381;78,81;22;119;M
382;85,41;22,6;120,3;F
383;79,82;21,7;117,75;M
384;88,7;25,6;127,2;F
385;82,16;24,4;124,45;M
386;79,76;23,8;123,1;M
387;86,89;25,4;126,55;M
388;78,9;20,5;114,2;M
389;85,71;29,6;136,6;F
390;79,86;20,9;115,15;M
391;88,37;20,6;113,65;M
392;87,09;22,1;117,75;M
393;86,04;25,9;127,5;M
394;82,82;23,4;121,5;M
395;89,13;22,8;119,35;F
396;85,15;20,7;114;M
397;84,66;20;112,1;M
398;81,86;23,6;122;M
399;88,96;26,1;127,6;M
400;83,9;22,5;118,8;F
401;84,62;23,3;120,8;F
402;88,87;22,5;118,35;F
403;87,09;24,8;124,3;M
404;88,77;25,4;125,5;F
405;80,75;26,6;129;F
406;88,08;24,2;122,3;F
407;79,43;23;120;M
408;79,79;24,2;123;M
409;81,8;19,8;111,1;M
410;84,07;23,3;120,25;M
411;78,71;22,2;117,7;M
412;83,84;26,1;127;F
413;81,63;23;119,3;M
414;87,58;26;126;F
415;85,38;24;121,1;F
416;89,88;25,6;124,9;M
417;79,86;26,1;127;M
418;78,87;20,3;111,7;F
419;83,38;23,8;120,85;M
420;81,7;23,4;119,45;F
421;88,8;26,1;125,75;M
422;82,19;24,5;122;F
423;83,24;27,2;128,35;M
424;79,86;23,4;119,2;M
425;81,01;24,6;122;M
426;82,75;26;124,6;F
427;78,64;25,8;125;M
428;81,53;26;124,6;F
429;82,16;31,7;138;M
430;82,92;25,2;122,4;F
431;89,46;28,7;130,45;M
432;82,49;21;111,45;F
433;82,95;22,5;115,95;M
434;82,42;24,5;120;F
435;80,52;25,5;122,6;F
436;89,82;24,1;117,75;F
437;83,57;26;122,9;F
438;89,79;24,2;118,5;M
439;79,23;24,6;120,5;M
440;86,1;26,8;124,45;M
441;81,3;26,7;123,75;F
442;83,87;24,4;119;M
443;89,13;31,6;134,35;M
444;81,07;25,2;119,55;F
445;80,05;29,1;128,45;F
446;81,24;23,8;116,95;M
447;89,19;29;128;M
448;88,7;31,5;133,35;M
449;83,61;35,4;141,9;M
450;87,48;33,3;136,7;M
451;80,02;22,9;114,1;M
452;89,19;29,6;128,5;M
453;87,06;29;127,45;M
454;80,98;27;122,5;M
455;81,17;29,3;127,3;M
456;86,27;28,8;125,5;M
457;88,08;33,2;132,4;F
458;87,06;27,7;122,55;M
459;78,77;26,7;121,45;M
460;84,23;31,3;128,4;F
461;80,45;28,5;122,65;F
462;89,42;28,3;122,55;M
463;89,75;32,2;128,35;F
464;88,14;27,8;121,55;M
465;86,3;30,9;127,95;M
466;86,93;28;119,45;F
467;79,79;27;120,4;M
468;89,62;33,8;129,4;F
469;88,67;34,2;130;F
470;78,48;27,4;118;F
471;88,37;29,9;124;M
472;79,4;35,7;133,7;F
473;86,79;37,7;135,5;F
474;83,01;32,1;127,55;M
475;80,94;30,5;121,85;F
476;86,63;32;126,5;M
477;79,69;32,4;125;F
478;86,66;34,5;130,7;M
479;82,42;30,6;120,6;F
480;89,46;31;122,85;M
481;82,09;29;119;M
482;85,68;32;123,75;M
483;81,37;38,2;135;M
484;87,75;36;124,6;F
485;84,07;41,1;138,5;M
486;82,72;30,8;119,1;M
487;82,26;40,3;135,15;M
488;82,29;35,5;121;F
489;86,07;38,5;130;M
490;82,32;38,4;130,5;M
491;85,22;39,3;121,7;M
492;79,56;46,1;128,85;M
493;90,05;18;123;F
494;100,08;17,1;114,1;M
495;91,63;23,8;136,4;F
496;92,22;18,3;119;F
497;97,81;18,9;120,45;F
498;98,83;18;116,9;F
499;91,63;20,5;124,75;F
500;96,26;22,5;128,15;M
501;99,02;25;134,45;M
502;98,2;23;129;M
503;97,51;22,7;127,85;M
504;90,74;21,5;126,5;F
505;94,95;22,5;127,25;M
506;99,88;21,1;124,2;F
507;90,67;18,8;116,45;M
508;98,33;21;122,5;M
509;95,54;19,8;120,35;F
510;100,31;22;126,1;F
511;97,55;18,9;117;F
512;100,01;23;128,7;F
513;99,32;25;133,95;F
514;101,52;23,6;129,55;F
515;92,52;23;127,25;M
516;96,46;24;131;F
517;95,8;28;141;F
518;92,15;26,8;137,95;F
519;90,61;22,8;127,15;F
520;99,85;28,3;140,4;F
521;91,53;25,2;133,3;F
522;92,15;18,2;113;F
523;92,75;23,2;127,55;F
524;96,43;28,6;139,9;M
525;93,83;23,1;125,75;M
526;93,21;27,9;139,35;F
527;97,15;28;138;M
528;94,19;20,2;118,35;F
529;91,76;18,6;112,75;M
530;90,97;21,8;123,15;F
531;93,24;24;127,4;M
532;96,23;20,3;117,6;F
533;101,52;23,1;124,6;F
534;90,67;23;124;M
535;99,42;23;123,1;M
536;97,15;26;131,05;M
537;92,12;23;124;F
538;101,46;24;125;M
539;93,9;22,4;121,35;M
540;98,27;27,7;134,25;M
541;94,06;26;131;F
542;98,63;22,5;120,9;M
543;92,94;18,7;110,6;M
544;97,18;26,3;130,6;M
545;92,94;22,7;122,15;F
546;96,39;24,6;126,25;M
547;93,7;25;127,5;M
548;97,55;20,2;114,5;F
549;92,19;29,8;139,6;F
550;97,81;26,7;131,5;F
551;101,13;24,2;124,65;F
552;90,21;22,4;121;F
553;92,28;22,5;121,05;F
554;93,4;25,4;127,8;M
555;90,18;23,8;123,65;M
556;97,25;21,3;116,35;M
557;96,72;22,5;119,6;M
558;101,39;27,1;130,8;F
559;96,1;25,9;128,45;F
560;97,64;27,1;131,25;F
561;94,59;20,1;113,1;M
562;97,55;23,9;122,95;M
563;90,38;23,6;122,65;F
564;93,04;19,6;111,25;M
565;100,21;27,1;130;F
566;92,48;24,3;123,9;M
567;100,21;31;139;F
568;98,3;27,9;132,05;F
569;100,14;23,8;121,75;M
570;98,04;23,8;121,95;F
571;97,12;26,4;128,4;F
572;98,07;28,8;133,85;F
573;98,47;26;127;M
574;94,55;23;119,85;F
575;96,1;21,6;115,85;M
576;98,04;25;124,2;F
577;94,78;25,9;126,9;M
578;99,25;24,7;123,25;F
579;101,75;30,2;136;M
580;90,77;25,9;127;F
581;101,59;26,8;127,5;F
582;94,32;26;126,6;M
583;91,23;21,6;115,5;F
584;92,09;23,7;120,9;M
585;96;25,3;124,6;M
586;100,08;26,9;127,9;M
587;97,71;25,5;124,65;M
588;93,73;23,5;119,65;F
589;97,78;22,3;116,35;M
590;99,32;27,3;128,5;M
591;99,25;24,5;121,6;M
592;99,45;32,5;139,35;F
593;97,74;25,2;122,95;F
594;101,03;30;133,5;F
595;90,38;27,5;129,5;M
596;101,16;29,8;133,5;M
597;92,28;25;123,2;M
598;91,17;30;135,05;M
599;99,72;27;127;M
600;95,8;30,6;135,2;F
601;100,47;29,2;131,9;M
602;100,34;34,6;143,5;M
603;99,78;27,1;126,15;F
604;95,08;32,5;139,35;M
605;97,84;27,2;127;M
606;98,37;28,5;129,05;F
607;98,53;29;130,85;M
608;92,15;27,6;128,35;M
609;92,09;28,4;129,5;F
610;98,04;30,6;134,1;M
611;100,77;28,4;128,85;M
612;100,27;30,8;133,3;F
613;100,96;28,6;129,25;M
614;100,01;29,3;129,9;F
615;100,21;30,3;131,95;F
616;93,7;26,5;124,4;F
617;99,52;27,9;127,5;M
618;92,35;24,8;120,35;F
619;98,24;25,4;121,7;M
620;99,88;27,7;125,6;F
621;91,66;28,8;130;M
622;97,61;29,8;131,45;M
623;90,71;27;125;F
624;93,44;24,2;118,65;M
625;99,06;33,2;138;M
626;94,19;27,8;125,95;F
627;93,57;26,9;124,9;M
628;96,3;31;133,25;M
629;101,59;31;132,3;M
630;94,68;31,8;133,5;F
631;97,05;25,3;119,55;M
632;94,59;27,1;124;M
633;93,44;30,6;131,8;M
634;100,73;29,2;127,7;M
635;93,67;34,8;140,3;M
636;96,56;32,2;134,5;M
637;96,92;29,5;127,1;F
638;99,02;31;128,9;F
639;99,12;32,1;131;F
640;92,25;28;124,5;M
641;90,61;30,9;129,5;F
642;94,49;30,4;128;M
643;92,91;29,9;125;F
644;99,19;30,9;127,5;M
645;94,52;34,7;136;M
646;101,92;38;138;F
647;91,36;32,2;131;M
648;91,89;30,8;125,75;F
649;98,99;31;124;F
650;94,42;31,4;128;M
651;100,83;33,1;127,2;F
652;93,24;33,2;131,15;M
653;99,02;37;136;M
654;95,87;34,7;129,55;F
655;101,46;36,6;130,95;F
656;91,33;36,5;136,1;M
657;90,35;30,2;123,9;M
658;96,89;35;128,5;F
659;91,46;34,1;130,5;M
660;99,25;39,2;138;M
661;94,26;36;129;F
662;98,37;32,8;125,35;M
663;95,51;31;118;F
664;93,63;34,2;124;F
665;96,33;40,8;138,6;M
666;92,38;34,2;124;F
667;99,32;42,3;140,15;M
668;100,44;46,7;145,5;M
669;99,12;39;128;F
670;95,67;43,7;136,05;F
671;101,75;43,3;136,1;M
672;91,3;38;130,45;M
673;98,37;38;127;M
674;101,85;41,5;131,55;M
675;96,39;42,3;134,6;M
676;96,53;40,3;131;M
677;92,19;29;112,15;M
678;91,86;47;139;M
679;98,04;48,4;138;M
680;97,91;46;132;M
681;91,04;49,4;136,4;M
682;99,22;52;135,8;M
683;91,13;47,7;131,95;M
684;102,12;21;132;F
685;104,15;21,5;132,1;F
686;102,77;20,5;126,2;M
687;105,21;16,3;111,95;M
688;109,81;21,5;128,6;F
689;105,4;21,5;129;F
690;110,2;24;134,25;F
691;105,47;20;123;F
692;109,58;22;128,2;F
693;106,06;22,2;129;F
694;108,79;24,1;132,55;M
695;111,29;25;136;F
696;108,59;24,5;135;F
697;106,16;21,6;126,6;F
698;107,77;19,5;118,75;M
699;113,26;25,5;134,65;M
700;109,91;28,5;142,75;M
701;112,18;23,9;130;M
702;106,03;25,1;133,6;M
703;104,02;20;119,15;M
704;111,12;25;133,3;F
705;109,78;25,5;133,4;M
706;110,47;23,5;128,85;F
707;102,41;24,5;131,2;M
708;102,74;24,4;132,15;F
709;113,23;27,1;137,5;F
710;113,16;22,9;125,45;M
711;111,48;29;142,2;F
712;108,85;25,2;132,75;F
713;106,42;24,7;130,25;M
714;109,02;29;141,65;F
715;103,69;23,3;127,45;F
716;110,47;25,7;132,8;F
717;104,58;23,7;127,2;M
718;111,42;24,3;128,55;F
719;107,34;23,8;127;M
720;111,88;27,9;137,5;F
721;102,05;24,5;129;M
722;109,97;23,4;126;F
723;104,91;24,1;128,45;F
724;107,11;27,5;136,05;M
725;103,79;23,9;128;F
726;103,4;26,9;134,75;M
727;112,41;27,8;136,45;F
728;109,94;29,5;141;F
729;108,92;24,6;128,3;M
730;110,89;27,2;134,5;M
731;105,17;21,5;120;M
732;107,01;23,8;126,35;F
733;105,47;23;124,45;F
734;105,17;26;131,55;M
735;103,99;23,8;126;M
736;109,71;25;128,5;M
737;103,92;27,5;136;F
738;102,97;29,3;140,5;F
739;107,8;26,5;132,75;F
740;109,64;25,1;128,4;M
741;112,93;27;132,65;M
742;109,22;26,2;131;M
743;110,89;27,8;135,1;F
744;105,73;28,7;138;F
745;109,05;23,4;124,05;F
746;110,83;27,7;134,5;M
747;109,91;26;130,5;F
748;107,93;27;132,9;M
749;111,52;22,5;120,95;F
750;109,05;23,3;123,25;F
751;113,06;33,3;146,35;F
752;109,41;26,4;130,55;M
753;109,61;22,4;120,3;F
754;107,67;29,2;137,4;F
755;106,42;26,5;130,65;M
756;104,91;24,1;125,05;F
757;102,94;22,4;120,45;M
758;105,37;30,2;139,5;M
759;102,31;24,8;127,05;F
760;108,66;25,5;127,85;F
761;111,58;31,7;142;F
762;104,91;28,3;135,25;F
763;103,89;28,2;135,1;F
764;112,27;26,8;130,4;M
765;104,25;23,9;123,85;M
766;104,28;22,6;120,5;F
767;102,05;25,5;127,85;F
768;110,14;25,4;126,5;M
769;112,73;23,8;122,05;M
770;108,76;29,7;136,5;M
771;113,42;29,4;135,1;M
772;107,21;24,7;124,5;M
773;113,03;30,1;136,5;M
774;106,85;23,3;120,5;F
775;104,94;27,2;130,55;M
776;112,27;23,3;119,45;F
777;110,04;27,2;129,25;F
778;103;23;120;F
779;107,54;26,2;127,5;M
780;105,21;26;127,05;M
781;104,68;26,9;129;F
782;104,52;29;134,05;M
783;111,12;25,4;124,15;F
784;103,46;28,7;133,4;M
785;113,29;28,7;131,35;F
786;108,82;31,5;138,45;F
787;107,38;27,1;128,9;M
788;107,54;29,1;133,1;F
789;103,13;29,2;134,15;M
790;113,75;26,7;126,95;M
791;104,19;25,5;125,1;M
792;109,48;28;129,9;F
793;106,16;29,8;134,9;M
794;102,48;29,3;133,95;F
795;107,41;33,6;142,5;F
796;106,52;27,5;129;F
797;109,91;28,8;131,5;F
798;102,61;29,5;134,5;M
799;105,76;25;123;F
800;105,21;28,8;132;F
801;103,82;28,3;131,5;M
802;104,35;32,6;140,5;F
803;110,37;37,1;148,5;F
804;102,12;28,5;131,1;F
805;112,34;30,1;132,95;F
806;106,65;28,4;130,6;M
807;112,44;31,9;136,65;F
808;104,38;30,3;135,05;M
809;102,94;27,5;128,4;F
810;105,93;24,4;121;M
811;104,58;32,7;139,4;F
812;105,47;25,7;124;M
813;105,37;32,1;138,5;M
814;108,79;25,1;122;M
815;106,98;27,7;128,3;M
816;108,85;28,8;130,3;M
817;103,69;28,1;129,35;M
818;111,91;29,3;129,4;F
819;103,2;30,1;133,35;M
820;106,59;28,9;130,05;M
821;105,73;25,2;121,5;M
822;105,34;28,5;128;F
823;103,86;28,4;128,8;M
824;105,96;29,8;131,4;M
825;102,74;33,2;139;M
826;112,54;30,7;132,05;M
827;113,92;29,9;129,5;M
828;113,56;37;144;M
829;104,09;33,8;139;M
830;112,67;35,5;141;M
831;104,58;32,4;134,45;F
832;112,14;35,9;141,5;M
833;110,89;32,9;135,2;M
834;113,42;34,4;135,5;F
835;109,55;34;137;M
836;109,18;35;138,95;M
837;110,96;29,7;127,75;M
838;103,1;35,3;140,45;M
839;110,76;29,9;126,35;F
840;106,45;27,5;121,45;F
841;112,01;35,5;136,5;F
842;104,58;30;127;F
843;111,45;38,6;142,35;F
844;102,94;28,5;124;F
845;104,22;32,3;133;M
846;103,33;29,9;128,1;M
847;102,15;31,3;131;M
848;111,68;36,5;137,5;F
849;104,28;33,4;132,55;F
850;110,83;33,7;131,5;F
851;101,98;32,8;133;M
852;105,83;33,4;131,35;F
853;111,35;29,2;123,65;M
854;110,76;38,1;140,35;M
855;113,49;40;143;M
856;109,87;38,4;137,95;F
857;103,13;37,3;137;F
858;105,8;38,1;137,55;F
859;103;26,5;117,45;M
860;109,05;35,6;131,85;F
861;104,45;35,3;134,5;M
862;104,65;39,8;138,85;F
863;107,47;36,9;134,95;M
864;108,13;33,7;125,35;F
865;110,83;38,1;136,1;M
866;104,98;38,5;134,6;F
867;104,84;40,7;138;F
868;109,05;35,6;131,1;M
869;110,99;39;136,75;M
870;108,76;40,9;140,5;M
871;106,13;38,7;133;F
872;106,65;47,1;145,5;F
873;110,76;35,2;128,1;M
874;106,16;41,8;136,35;F
875;108,2;40,9;138,05;M
876;113,42;46,7;145,5;M
877;108,36;44,8;139,65;F
878;101,98;39;136;M
879;105,76;38;128,4;F
880;105,07;38,8;129,2;F
881;102,54;40,6;137;M
882;107,93;54,8;151,4;F
883;106,65;52,5;148;F
884;108,59;50,9;144,85;F
885;105,73;36,9;128,2;M
886;111,88;44,8;135,35;M
887;112,73;58,7;145,5;F
888;110,04;48,1;137,95;M
889;103,86;43,1;126,4;F
890;112,04;52;135;F
891;102,38;44,8;131,75;M
892;108,82;53,7;139,35;M
893;125,85;28;152,6;M
894;117,21;23,5;134,2;M
895;121,51;23;133;F
896;115,66;23;132,3;F
897;124,24;28;144;F
898;119,15;24,1;134;F
899;117,7;23,3;130,2;M
900;124,87;28;141,15;M
901;115,66;22,4;126,85;M
902;123,52;29;144;F
903;116,94;23,5;130,25;F
904;116,15;22,5;125,9;M
905;116,38;23,4;128,35;F
906;123,16;29,3;141,65;M
907;117,11;27,7;138,45;M
908;122,27;30,1;143,65;M
909;123,22;27;136,45;F
910;125,06;28,7;140,05;F
911;118,82;26,3;133,85;M
912;122,89;27,9;137;F
913;114,44;28,4;139,45;F
914;114,81;29,4;141;M
915;124,83;25,4;129,95;F
916;125,65;25;128,5;F
917;125,82;26;131;F
918;114,9;24,1;127,7;F
919;114,51;28,6;139;F
920;119,18;22,7;122,5;M
921;121,61;30,3;141,4;F
922;114,02;29;139,55;F
923;117,34;24;126,45;F
924;120,56;28;135,45;M
925;123,98;28;135;F
926;114,05;25,2;129,2;M
927;125,19;32,5;144,9;M
928;119,9;26,9;132,4;M
929;121,08;25,7;128,95;F
930;118,98;28;135;M
931;122,27;28,9;136,5;F
932;122,4;27,3;132,5;F
933;115,99;30,7;141,75;F
934;125,46;30;138,5;M
935;120,33;35;150;M
936;115,82;26,6;131,5;F
937;124,7;38;155;F
938;116,78;29,8;138,5;F
939;125,52;31,9;141,5;F
940;115,4;34;148;M
941;125,79;34,5;147,5;M
942;120,82;28,5;134,8;M
943;122,93;31,7;141,55;F
944;120,36;33,3;145,3;M
945;114,71;25,7;128,35;F
946;114,97;30,4;139,5;F
947;121,28;26,9;130,1;M
948;122,79;32,3;142,35;M
949;119,97;30;137,2;F
950;124,67;26,7;129;M
951;114,08;29,3;136,3;F
952;117,3;28,5;133,6;F
953;119,9;24,4;123,55;M
954;125,39;34;144;F
955;116,15;27,9;132;F
956;117,24;32;141;F
957;123,98;33,9;143,9;F
958;124,9;28;131,1;M
959;119,28;26,3;127,1;F
960;121,61;27,5;130,05;M
961;120,89;32,5;141,5;M
962;124,9;33,7;143,4;M
963;119,11;29,3;134,45;M
964;120,85;30,9;137,85;M
965;122,76;34,9;145,25;F
966;117,53;27,8;130,45;F
967;121,02;30;135,35;M
968;114,84;32,2;141,25;M
969;122,01;28,3;130,65;F
970;114,38;25;123,95;F
971;122,04;31,5;137,4;F
972;124,77;33,7;142,2;M
973;114,15;30,2;135,95;M
974;114,08;29;133,1;M
975;120,76;29,9;134,1;M
976;124,64;32,3;138,5;M
977;124,67;27,4;127,55;M
978;122,37;27,5;126,95;F
979;116,55;31,1;136;F
980;122,14;32,4;137,55;F
981;116,65;34,5;142,9;F
982;123,45;31,7;136,65;M
983;125,33;30,2;133;M
984;122,43;39;150,5;F
985;122,3;33,5;139,4;F
986;116,84;30,5;135;M
987;121,51;28,7;128,95;F
988;120;32;137;M
989;119,84;36,6;146,5;M
990;118,62;32,1;136,25;F
991;124,04;40;152;M
992;114,74;27,6;126,9;F
993;123,81;34,8;140,55;F
994;123,45;37;146,25;M
995;119,97;30;132,2;M
996;114,25;36,5;145,3;F
997;122,4;42;153,5;F
998;121,71;29,9;129,15;F
999;122,04;31,1;132,95;M
1000;116,22;36,6;145;M
1001;117,67;35,2;140,5;F
1002;119,61;35,2;141,5;M
1003;117,07;30,5;130,55;F
1004;124,14;33,5;136,35;M
1005;114,64;31,3;132,15;F
1006;124,64;38;145;M
1007;120,2;29,8;127,5;F
1008;119,24;36,5;143;M
1009;122,14;41;149;F
1010;122,1;34,8;138,95;M
1011;123,52;39,6;148;M
1012;119,44;32,8;133,35;F
1013;117,27;33,2;135,55;M
1014;120,66;42,4;150;F
1015;123,35;34,5;135,85;M
1016;118,16;42;148,5;F
1017;116,55;41,5;148;F
1018;125,16;40,2;144;M
1019;125,92;51;162;M
1020;120,89;50,7;159,5;F
1021;123,22;40,6;144,4;M
1022;116,12;36,6;137,9;M
1023;115,07;45,7;150,65;F
1024;116,61;37,4;134,75;F
1025;121,97;48;150,35;F
1026;120,82;41,4;142,4;M
1027;122,56;43;144;M
1028;116,68;35,1;131,45;M
1029;120,59;42;142;M
1030;115,73;40,7;140,5;M
1031;119,61;46;148,25;M
1032;115,27;42,3;139,75;F
1033;118,26;40,3;138,95;M
1034;118,29;47;146,2;F
1035;120,03;50;150,1;F
1036;114,05;47;150,5;M
1037;125,39;44,1;142,35;M
1038;125,03;49,4;146,1;F
1039;124,31;46,9;145,8;M
1040;123,25;41,3;136,7;M
1041;122,17;46;144,55;M
1042;116,32;49,1;146,65;F
1043;119,74;47,7;142,5;F
1044;116,35;51,5;148,1;F
1045;123,65;51,6;145,55;F
1046;121,71;43,9;138,65;M
1047;125,19;53,7;145,15;F
1048;120,56;60;154,5;F
1049;121,78;49,9;144,5;M
1050;114,84;49;145,4;M
1051;120,89;49,3;141,95;M
1052;117,14;50,8;145;M
1053;114,64;53,2;143,35;F
1054;118,13;53;139,55;F
1055;120,46;58,6;150;M
1056;124,14;76,6;156,05;F
1057;129,93;22,9;135,55;F
1058;132,69;26;141;F
1059;130,06;27;143;F
1060;130,78;30,4;150,05;M
1061;133,91;26,3;139,6;F
1062;136,21;24,7;133,5;M
1063;134,14;27,5;141,15;F
1064;135,06;28,9;143;M
1065;128,45;38;165;F
1066;127,92;26,4;136,15;M
1067;134,86;25,9;133,9;F
1068;137,72;30,9;145,45;F
1069;128,71;33;152;F
1070;135,06;27,2;136,5;F
1071;131,08;30,4;145;F
1072;137,36;28,7;139,45;M
1073;128,12;27;137;F
1074;126,67;27;137,3;F
1075;132,33;33;150;M
1076;132,23;27;136;F
1077;132,49;25,7;132,15;F
1078;136,54;31;144;F
1079;131,41;27;135;M
1080;134,66;31,2;144,6;M
1081;135,29;36,5;156;M
1082;133,08;32,3;147;F
1083;131,38;27,5;136;F
1084;136,21;31,6;144,5;M
1085;137,26;38,8;159,65;F
1086;133,87;29,2;139,1;M
1087;133,81;28;136,1;M
1088;130,42;40;163;F
1089;133,48;42;166;F
1090;129,73;26,7;133;F
1091;134,76;34,8;150,55;F
1092;129,83;28;136;M
1093;137,85;33;146;M
1094;129,53;29;138;F
1095;128,19;30,5;141,5;M
1096;129,34;30,5;141,15;F
1097;132,85;29,9;138,9;F
1098;130,39;36;153;M
1099;130,49;28,5;136,1;M
1100;133,12;32;143;F
1101;135,35;32,6;143,5;F
1102;132,69;32,2;143,5;M
1103;132,89;30,7;140;M
1104;130,03;28,6;135,45;M
1105;135,75;35,7;149,55;F
1106;137;36;149,9;F
1107;127,59;32,4;144;F
1108;133,91;39,3;157;F
1109;134,53;37;152;F
1110;135,16;37,1;151,95;F
1111;133,71;29,2;135,05;F
1112;137,13;31,7;140,45;M
1113;132,23;32,4;142,5;M
1114;127,99;31,3;140,9;M
1115;129,24;29,2;135,25;F
1116;129,6;35,2;149;M
1117;129,6;31,3;140;F
1118;133,15;28;132,1;M
1119;133,12;35,1;147,9;M
1120;130,82;34;146;M
1121;133,51;29;134,3;M
1122;132,49;29;133,8;F
1123;134,37;31;138,45;M
1124;128,71;26,3;128,4;M
1125;128,12;32,1;141,25;F
1126;128,15;31,9;141,25;M
1127;135,02;32,9;141,15;F
1128;132,99;38;152,25;F
1129;130,75;30,7;137,9;M
1130;136,83;33,9;143,55;M
1131;127,89;32;141;M
1132;132,56;33,8;143;F
1133;130,98;33;141,6;F
1134;133,74;34,5;144,05;F
1135;133,18;34;143;F
1136;133,78;41;158;M
1137;133,97;38,3;151,55;F
1138;128,65;35;146;F
1139;127,66;34,5;145;F
1140;131,93;34;143;F
1141;135,78;36,1;147,25;M
1142;125,95;39;154;F
1143;133,08;33,8;142,15;M
1144;127,27;32,3;140;M
1145;129,17;35;144;F
1146;135,85;37,2;146,95;F
1147;137,23;40,4;152,5;F
1148;129,6;32;137,5;F
1149;136,08;36;145,5;M
1150;128,15;30,8;135,6;M
1151;133,45;33,4;140,2;M
1152;133,45;37,2;146,4;F
1153;129,6;45;162;F
1154;131,64;40;153,6;M
1155;127,27;35,7;144,5;F
1156;127,66;30,8;135,1;M
1157;128,78;38;148,5;F
1158;137,72;36,3;144,5;M
1159;130,95;28,9;128,9;F
1160;133,38;37,3;145,6;F
1161;135,39;39,5;149,05;F
1162;134,04;35;141,9;M
1163;136,93;39;149;M
1164;126,35;30,6;133,45;M
1165;131,47;30,1;131;M
1166;137,52;32,8;135,55;M
1167;126,97;38;146;F
1168;130,39;36,5;143,4;M
1169;131,28;43,1;155,25;M
1170;134,17;40,4;147,55;F
1171;127,92;41,5;151,15;F
1172;126,05;43,5;155;F
1173;135,06;38,5;145,4;M
1174;132,23;37,6;142,3;F
1175;130,62;41,2;148,9;F
1176;126,64;28,7;126,6;M
1177;134,79;50;162;F
1178;135,19;37;140,5;M
1179;128,71;39;143,5;F
1180;127,1;47;160;M
1181;137,75;39;141;F
1182;127,36;33;134;M
1183;132,36;39,4;142,7;F
1184;126,87;36,7;140,9;M
1185;132,99;41,1;144,75;F
1186;136,44;42,4;145,75;F
1187;131,28;40,3;143,05;F
1188;136,7;39;142;M
1189;137,69;50,3;157,5;F
1190;127,82;42;149;M
1191;128,05;38,4;139,5;F
1192;131,05;44;151;M
1193;137,79;50,6;160;M
1194;130,09;43;149;M
1195;128,22;40;144;M
1196;126,84;39,6;141,1;F
1197;128,81;46,6;152,45;F
1198;126,74;40;144;M
1199;131,97;51;161;M
1200;134,14;43,9;148,45;M
1201;137,79;41,8;143,95;M
1202;128,52;42;146;M
1203;131,05;42;145;M
1204;129,96;39,7;138,5;F
1205;128,71;40,1;142,2;M
1206;136,11;48,9;151,15;F
1207;127,66;48,5;153,1;F
1208;135,25;54;159;F
1209;127,92;46;149;F
1210;137,59;50,5;152,5;F
1211;134,63;42,7;144;M
1212;136,34;49;150;F
1213;127,4;46;151;M
1214;129,47;46,5;151;M
1215;135,42;47,4;150,3;M
1216;128,25;45;145;F
1217;128,75;55,5;161;F
1218;133,78;42,7;139,75;F
1219;127,3;47,2;152;M
1220;127,73;45;145;F
1221;131,54;42,4;142,5;M
1222;126,41;39;137,9;M
1223;134,6;44,1;141;F
1224;137,85;51,7;151,65;F
1225;132,89;47,8;147;F
1226;129,24;49,5;154;M
1227;135,45;54;159;M
1228;134,56;67;176,95;M
1229;129,93;47,3;146,45;F
1230;129,34;48;151;M
1231;126,61;40,3;138,95;M
1232;130,75;52,8;153,5;F
1233;135,09;55;159;M
1234;130,98;42,5;141,1;M
1235;135,06;43,8;141,85;M
1236;134,43;53,4;152;F
1237;132,23;53,7;153,05;F
1238;137,13;61;161;F
1239;137,1;48;146,65;M
1240;135,98;53,2;150,9;F
1241;127,27;52,3;151,45;F
1242;130,88;52;153,9;M
1243;135,42;52,4;152;M
1244;132,23;49;143;F
1245;129,04;57;155;F
1246;129,8;48;146;M
1247;128,15;45,6;138,6;F
1248;137,1;45,4;138,95;M
1249;130,36;51;145;F
1250;128,75;54;154;M
1251;126,77;43,2;138;M
1252;128,09;49,1;146,4;M
1253;137,82;61,6;155,95;F
1254;131,77;48;142,95;M
1255;129,67;53,5;147;F
1256;137,88;56,9;148,95;F
1257;128,12;51,2;148,4;M
1258;137,03;56;152;M
1259;130,98;49,4;140,35;F
1260;134,93;61,3;154,45;F
1261;134,4;53,2;147,45;M
1262;136,31;54,4;148,2;M
1263;131,97;61;153,5;F
1264;127,56;58;150;F
1265;130,36;55,3;144,4;F
1266;126,81;49;141;M
1267;126,05;58,3;153;M
1268;129,11;60;154;M
1269;137,03;66,5;153,5;F
1270;127,2;65,6;156,5;M
1271;127,4;59,5;143,35;F
1272;130,26;59;146;M
1273;129,53;70;156,5;M
1274;126,61;69;155,5;M
1275;137;86,5;166;M
1276;126,67;73,2;154,5;M
1277;140,35;41;198,9;M
1278;142,42;28,8;145,85;F
1279;140,98;24,2;133,85;F
1280;143,97;27,4;140;M
1281;146,7;26;135,35;F
1282;140,75;28,4;141,55;M
1283;148,27;33,3;151;F
1284;148,31;30;142,5;M
1285;143,93;31,1;146;F
1286;146,53;30,7;143,95;F
1287;138,84;33,9;152,5;F
1288;145,97;39;161,5;F
1289;147,95;31;143,5;M
1290;149,85;30,5;141,8;M
1291;144,66;31,3;144,45;M
1292;140,48;31;144,2;M
1293;142,39;30;140,4;F
1294;145,91;31;141,5;F
1295;143,97;30,4;140,5;F
1296;146,96;28,9;136,3;F
1297;144,07;29,7;139;M
1298;139,76;31,3;143,6;M
1299;140,88;32,8;146,4;F
1300;140,42;31,3;143;F
1301;146,1;32,8;145,5;M
1302;143,93;36,6;153,95;M
1303;140,94;35,6;151,95;F
1304;149,33;36;150,1;F
1305;147,02;32,2;143;M
1306;138,77;32,1;144,5;M
1307;145,38;31,3;140,3;F
1308;139,3;34,3;148;F
1309;141,73;29,4;136,9;M
1310;149,88;38,7;155,15;M
1311;140,12;35,7;149,85;F
1312;145,41;34,3;146,05;M
1313;142,82;33,7;144,5;F
1314;144,2;36,7;151,25;M
1315;138,67;33,8;146;M
1316;149,69;37,1;150,45;M
1317;139,4;39;155,55;F
1318;143,21;31;137,35;F
1319;144,3;34;143,5;F
1320;144,13;33,1;142,55;M
1321;146,96;26,6;127,4;M
1322;138,51;39;155;F
1323;143,31;33,8;143;F
1324;137,98;34;144,4;F
1325;146,17;40,2;154,5;F
1326;142,92;32,1;139;F
1327;138,58;34,6;146,2;M
1328;147,29;33,9;142,3;M
1329;139,63;33,5;141,95;F
1330;144,85;32,1;137,6;F
1331;144,72;37,5;148,4;F
1332;149,85;34,3;142,15;M
1333;143,8;36,9;147,2;F
1334;143,9;33,5;141,35;M
1335;137,98;45,7;165,2;F
1336;146,93;39;150;F
1337;138,18;44;161,55;F
1338;140,68;35;143,25;F
1339;141,96;40,5;155,25;M
1340;140,19;32,8;138,6;F
1341;146,01;36,3;144,5;F
1342;149,72;48,6;166;F
1343;149,42;36,7;144,05;F
1344;138,64;35,9;145,2;F
1345;138,67;33,5;141,45;M
1346;144,36;32,5;138;M
1347;147,68;46;161;F
1348;146,43;36,6;145,35;M
1349;141,5;42;154,95;F
1350;140,91;38,3;149,55;M
1351;139,46;33,5;139,95;M
1352;140,88;38,1;148,95;M
1353;141,76;36,6;145,75;M
1354;138,38;38,4;149;M
1355;147,55;34,5;139,25;M
1356;143,93;41,3;151,25;F
1357;141,14;35;139,65;F
1358;146,6;40,3;148;F
1359;144,92;46;158,55;F
1360;141,5;34,7;138,45;F
1361;142,19;49,5;167;M
1362;145,55;47,2;159,5;F
1363;145,18;40,7;150,1;M
1364;142,75;40,1;147,45;F
1365;138,12;33,9;138,35;M
1366;144,56;37,7;143,85;M
1367;140,35;36,9;141;F
1368;141,9;39,6;147,65;M
1369;137,95;36,7;140,95;F
1370;146,4;48,9;159,95;F
1371;148,77;40,6;147,35;M
1372;142,26;47,3;158;F
1373;144,03;41,3;146,65;F
1374;146,07;46;156,5;M
1375;147,22;41;147,5;M
1376;141,99;46,4;155,85;F
1377;145,12;45,1;154,4;M
1378;138,15;35,2;137,95;M
1379;148,7;43;146,65;F
1380;142,49;44;150;F
1381;148,14;43;148,7;M
1382;143,28;46,8;153,5;F
1383;144,49;43;149,5;M
1384;147,09;51,5;159,35;F
1385;138,28;35,8;137;M
1386;141,3;44,1;147,95;F
1387;141,17;38,6;140,95;M
1388;149,65;47,5;150,8;F
1389;146,89;43,6;148,3;M
1390;144,07;49,3;154,55;F
1391;146,66;43,6;147,85;M
1392;149,59;59,1;165,45;F
1393;140,38;47,6;154;M
1394;142,09;46;147,5;F
1395;149,62;54,5;161,95;M
1396;147,48;52,1;153,5;F
1397;140,81;46,2;149,75;M
1398;142,36;50,5;152;F
1399;148,73;51;154;M
1400;144,53;43,3;142,75;M
1401;144,26;54;155,5;F
1402;149,42;51,5;153,95;M
1403;141,99;62;170,5;M
1404;149,06;57,8;157,95;F
1405;146,1;55;159;M
1406;139,59;47,6;146;F
1407;139,13;41;138,25;M
1408;146,99;54,7;153,5;F
1409;142,65;53,4;152,6;F
1410;139,99;44,1;142,95;M
1411;143,34;55,4;154,5;F
1412;144,76;49,8;150;M
1413;141,99;64;165,5;F
1414;142,45;55;152,5;F
1415;148,37;54,8;149,95;F
1416;141,44;57,5;155,75;F
1417;145,91;60,3;157,05;F
1418;138,25;50,4;149,45;M
1419;140,25;53;152;M
1420;141,17;59;154,9;F
1421;146,53;59,6;153,95;F
1422;144,62;57;155,5;M
1423;142,82;63,4;160;F
1424;140,84;52;144,6;F
1425;139,36;56;151,6;M
1426;141,86;52;144,95;M
1427;141,67;68,3;165,6;M
1428;139,5;67,4;158,9;F
1429;144,49;70,3;163,15;M
1430;138,18;57,2;144,5;F
1431;147,09;67,4;157,95;M
1432;143,47;68,9;155,25;F
1433;138,54;72,1;160,5;F
1434;139,59;67,9;159,95;M
1435;138,02;60,6;151;M
1436;140,94;75,6;157,8;F
1437;139,04;87,4;147;M
1438;150,67;19,5;123,8;F
1439;155,93;22,8;128,65;M
1440;152,19;27;141,55;F
1441;160,83;33,9;155,35;F
1442;156,66;34,4;154,2;M
1443;156,85;34,6;153,45;M
1444;154,45;26,3;133,85;M
1445;159,48;35,1;153;F
1446;160,41;40,8;163,25;M
1447;154,39;38,6;159,35;F
1448;151,96;34,3;149,85;F
1449;156,2;28,7;135,9;M
1450;151,63;34,5;148,9;F
1451;158,79;36,7;152,1;M
1452;154,59;44,1;167;F
1453;161,85;34;145,6;M
1454;157,32;35,5;149,55;M
1455;158,24;41,2;160;M
1456;151,17;33,2;144,3;F
1457;158,2;38,5;154,35;M
1458;151,04;42,6;162,85;F
1459;151,04;33,8;144,95;F
1460;157,71;40,5;158,1;M
1461;152,15;30,5;137,5;M
1462;155,18;42,3;160;F
1463;153,01;39,1;153,45;F
1464;154,13;38,1;150,95;F
1465;156,03;32,8;140,5;M
1466;161,82;40,8;155,4;M
1467;161,03;41,1;154,2;F
1468;152,88;41,6;156,95;F
1469;158,1;35,7;144,75;M
1470;160,73;37,9;147,15;F
1471;160,7;36,5;145,85;M
1472;150,25;36,2;145,9;F
1473;150,48;36,9;148,5;M
1474;152,09;46,8;166,5;M
1475;150,25;41,7;156,05;F
1476;155,57;36,6;146,5;M
1477;161,23;48,5;165,15;F
1478;152,61;47,3;166,65;M
1479;154,65;43,9;159,9;M
1480;154,09;45,4;162,35;M
1481;154,78;41,5;155;M
1482;150,08;39;149,45;F
1483;151,59;32,1;136,9;M
1484;153,67;37,6;147,05;M
1485;150,08;39,7;149,95;F
1486;157,64;39,4;147,45;F
1487;160,7;39,3;146,25;F
1488;153,57;38;145,1;F
1489;154,85;42,3;152,6;F
1490;157,97;46,7;159,5;F
1491;150,87;41,4;154;M
1492;150,64;39,4;150,15;M
1493;150,87;38;145;F
1494;154,09;51,8;168;F
1495;151,2;45,8;158,8;F
1496;155,77;39,8;148,95;M
1497;154,49;42,4;151,8;F
1498;153,01;40,4;150,75;M
1499;157,41;42,7;151,4;F
1500;159,25;43,6;152,3;F
1501;153,57;38,9;145,3;F
1502;160,14;43,3;151,45;F
1503;159,65;53,7;168,5;F
1504;152,38;46,6;158,85;F
1505;156,46;39,1;146,3;M
1506;159,12;48,9;160,15;F
1507;150,15;42,4;150,95;F
1508;153,99;52;165,65;F
1509;159,58;44,7;154,45;M
1510;152,28;46,9;159,9;M
1511;154,98;37,3;141,95;M
1512;150,08;40,7;148,95;M
1513;151,33;42,5;149,25;F
1514;151,89;33,9;135,25;M
1515;161;49;160;M
1516;160,5;48,4;155,85;F
1517;155,57;46,7;154,1;F
1518;154,36;45,4;152,2;F
1519;151,66;41;147,9;M
1520;161,46;41,1;145,2;M
1521;154,45;45,6;152;F
1522;151,53;46,1;153,6;F
1523;153,21;48,3;156,6;F
1524;154,85;41,6;147,65;M
1525;150,94;47,1;155,3;F
1526;155,15;44,2;149,05;F
1527;159,35;51,5;161,95;M
1528;159,58;55,3;164,5;F
1529;153,99;54,3;164,2;F
1530;152,98;51,9;160,6;F
1531;158,76;44,3;149,55;M
1532;157,32;46,6;150,55;F
1533;161,29;49,7;157,4;M
1534;157,05;38,9;140,15;M
1535;160,77;61,9;175,65;M
1536;150,67;45,7;153,6;M
1537;153,8;50,9;157,35;F
1538;150,08;43,5;148,9;M
1539;154,82;44,2;148,55;M
1540;153,24;50,2;155,25;F
1541;159,29;49,2;151,2;F
1542;157,94;45,1;148,25;M
1543;156,62;50,2;156;M
1544;159,06;61,3;167,25;F
1545;161,42;64,3;173,95;M
1546;155,97;60,1;166;F
1547;153,04;41;140,75;M
1548;154,16;43,2;140,65;F
1549;159,02;56,4;158,8;F
1550;151,23;51,9;158,1;M
1551;157,18;50,4;152,95;M
1552;154,42;55,5;158,85;M
1553;151,5;69,6;172,75;F
1554;151,59;61,4;161,45;F
1555;159,29;61,3;160,45;M
1556;157,71;58,7;157,6;M
1557;153,63;50,8;147,7;M
1558;149,98;61;163,1;M
1559;156,82;65,8;162,6;F
1560;160,11;62,9;161,7;M
1561;150,51;51,6;149,3;M
1562;151,36;57,6;152,5;F
1563;159,95;64,7;162;M
1564;150,9;56;148,05;F
1565;160,54;58,8;153;M
1566;159,39;59,7;153,35;M
1567;153,93;51,1;142,6;M
1568;153,47;68,5;164,65;M
1569;159,45;71,8;166;M
1570;156,82;64,4;151,05;M
1571;159,62;76,8;159,15;F
1572;155,8;74,8;157,9;M
1573;150,84;105,9;162,1;F
1574;159,02;108,6;162,55;M
1575;166,36;28,8;143,45;M
1576;173,92;36,1;157,5;M
1577;172,54;30,4;140,55;M
1578;163,73;44,6;171,45;M
1579;162,08;38;158,6;F
1580;172,44;45,8;170,1;M
1581;166,26;42,2;163,7;M
1582;166,98;38,8;156,5;M
1583;172,04;45,7;168,3;M
1584;171,06;42,1;160,85;F
1585;164,68;33,1;143,95;M
1586;162,64;34,8;147,9;M
1587;173,62;39,3;153,25;F
1588;165,34;37,3;150,8;F
1589;167,28;42,8;160,7;M
1590;171,09;39,2;152,15;F
1591;170,37;39,2;152,7;M
1592;162,31;36,4;149;M
1593;165,63;48,8;171,5;M
1594;162,58;41,2;156,85;F
1595;169,81;44,2;159,9;F
1596;173,85;49,8;169,1;M
1597;169,45;40;151;F
1598;165,4;46;162,5;F
1599;170,86;47,8;164,45;F
1600;165,76;40,1;151,15;F
1601;173,33;44;155;F
1602;163,27;46,7;163,45;M
1603;163,99;38,9;147,55;F
1604;170,14;47;160;F
1605;168,23;42,7;154,25;M
1606;172,08;47,5;159,95;F
1607;170,7;53,4;170;F
1608;161,98;46,2;160,1;F
1609;171,65;44,4;154,45;F
1610;172,37;49;162;F
1611;169,51;47,2;161,3;M
1612;162,18;50,1;165,8;F
1613;173,75;50,6;163,9;F
1614;165,3;43,2;154,9;M
1615;168,66;42,5;152,85;M
1616;170,07;52;166,7;F
1617;162,41;49;163,5;F
1618;165,11;43,5;153,25;F
1619;167,77;39,2;144,95;F
1620;169,68;39,3;144,5;F
1621;169,78;49,5;161,9;F
1622;171,78;54;170,5;M
1623;167,84;43,8;152,65;F
1624;163,13;47,8;160,15;F
1625;167,28;41,2;147,75;F
1626;162,74;47,9;160,2;F
1627;170,86;48;158;F
1628;165,07;50,9;163,6;F
1629;163,07;44,9;156,15;M
1630;163,96;43,5;152,95;M
1631;163,17;47,2;157;F
1632;168;46,3;154,5;F
1633;163,2;50,9;163;F
1634;173,42;42,6;146,8;F
1635;163,56;42,7;149,15;F
1636;165,99;43;149,15;F
1637;167,05;53;165;F
1638;166,68;46,8;157,45;M
1639;164,98;49,2;159,55;F
1640;170,04;49,8;158,9;F
1641;167,31;54;166;F
1642;171,29;48,3;156;F
1643;167,61;54,1;168,4;M
1644;168,33;48,8;159,5;M
1645;164,58;49,9;159,5;F
1646;170,01;53,5;163,6;F
1647;166,72;45,3;150,95;F
1648;173,19;46,9;154,15;M
1649;162,28;52,5;163,5;F
1650;165,21;56;170,55;M
1651;169,25;54;166;M
1652;173,72;50,5;159,4;M
1653;164,65;54,1;164,7;F
1654;167,77;51,1;159;F
1655;170,79;54,3;163;F
1656;169,74;53;161;F
1657;169,64;54,1;162,6;F
1658;167,01;53,9;162,15;F
1659;167,31;54,5;162,6;F
1660;169,45;51,6;157,35;F
1661;162,18;53,6;162,1;F
1662;169,81;60,4;173;M
1663;164,12;49,3;157,55;M
1664;163,3;58,3;171,4;M
1665;165,17;53,7;162,8;M
1666;164,45;56;166,5;M
1667;165,93;55,4;165,3;M
1668;167,28;51,2;158,25;M
1669;168,56;67,2;177,55;F
1670;170,24;57;163;F
1671;165,44;47,7;153,15;M
1672;169,71;54,9;162,8;M
1673;173,36;59;164,45;F
1674;173,82;58;163;F
1675;173,62;62;171,5;M
1676;169,51;56,9;164,75;M
1677;173,88;64,8;174,4;M
1678;170,83;49,9;150,6;F
1679;171,75;64,7;174,05;M
1680;171,72;63,7;172,5;M
1681;163,2;62,1;168,9;F
1682;162,18;54,6;158,6;F
1683;172,9;56,6;158,85;F
1684;166,98;60,2;165,15;F
1685;170,2;59;165,45;M
1686;167,28;48,4;150,65;M
1687;168,16;56,9;159,5;F
1688;167,8;55,3;160,5;M
1689;163,3;58,4;165,95;M
1690;171,25;65,3;168,5;F
1691;167,34;52,8;151,85;F
1692;173,62;67,6;173,5;M
1693;170,4;53,1;153,85;M
1694;166,85;60,1;160,85;F
1695;169,97;55;152,55;F
1696;166,39;61;160,95;F
1697;165,07;59;161,95;M
1698;172,24;60,2;157,7;F
1699;170,07;63,9;162;F
1700;171,22;62,4;163;M
1701;169,74;67,5;164,9;F
1702;168,89;64,8;165,5;M
1703;166,32;64;165;M
1704;168,72;79;182,5;M
1705;172,64;70;166;F
1706;165,37;65;164;M
1707;172,87;60,4;151,95;F
1708;164,71;68,6;163,55;F
1709;172,73;78,2;176,2;M
1710;169,25;77;170;F
1711;173,13;79;173,2;M
1712;167,15;72,7;162,5;F
1713;164,65;69,3;157,65;F
1714;169,05;77,3;169,5;M
1715;165,11;74,9;161,6;F
1716;163,4;76,1;166,05;M
1717;166,78;73,9;157,85;F
1718;163,1;83,4;167,9;M
1719;180,56;35,3;154;F
1720;176,68;45,8;172,05;F
1721;180,46;46,6;171,3;M
1722;176,68;44,9;168,5;F
1723;179,11;47,8;171,8;M
1724;180,2;41,5;160;F
1725;179,87;49,9;175;M
1726;176,94;52,7;180,15;M
1727;183,58;50;174;F
1728;181,32;41;156,65;F
1729;176,19;46;166,5;M
1730;183,81;40,5;154,8;F
1731;180,82;30,7;135,05;F
1732;177,86;35,4;145,45;F
1733;178,36;44,2;162;M
1734;176,38;48;169;F
1735;177,4;52,5;176;F
1736;183,32;47,8;166,5;M
1737;175,76;49;169;F
1738;183,19;46,2;162,55;M
1739;182,2;42,6;156;F
1740;182,07;51,3;169,3;M
1741;178,85;43,8;156,65;F
1742;183,98;51,5;168,75;F
1743;174,74;47;162;F
1744;178,09;45;158,5;M
1745;182,14;48,6;162,5;F
1746;177,6;54,8;174,5;M
1747;179,38;41,9;151,15;F
1748;174,48;43,4;154,55;F
1749;180,49;48,6;162,25;F
1750;174,61;47;160;F
1751;179,01;53;168;F
1752;177,14;53,5;168,95;F
1753;182,2;54,2;169;F
1754;177,34;41,5;148,65;F
1755;179,05;43,5;151,6;F
1756;179,51;50,1;163,8;M
1757;178,82;44,2;152,9;F
1758;181,84;45,6;154,4;F
1759;176,61;55;170;F
1760;181,41;44,5;150,9;F
1761;177,37;50,6;162,95;M
1762;174,44;54,6;168,05;F
1763;179,97;57,1;170,4;F
1764;178,78;52,2;162,05;F
1765;174,51;49,4;160,35;M
1766;177,3;53,5;166;M
1767;178,13;58,3;173;M
1768;174,31;50,6;158,95;F
1769;179,28;52,9;161,45;F
1770;181,25;50,1;156,5;F
1771;174,51;52;160,5;F
1772;176,25;49,2;155,55;F
1773;183,62;65,8;180;M
1774;179,41;57;166;F
1775;175,92;52,4;159,45;F
1776;178,29;50,9;158,55;M
1777;179,05;48;151,45;F
1778;178,62;64,9;177,65;M
1779;176,48;53,1;158,35;F
1780;184,83;54;160;M
1781;177,07;58,7;167,95;M
1782;174,71;61;172;M
1783;174,9;57,9;164,75;F
1784;182,53;60,4;166,45;F
1785;174,41;52,3;156,25;F
1786;176,15;53,5;157,35;F
1787;174,87;54,7;159,4;F
1788;180,89;55,2;158,5;F
1789;181,35;55;158;F
1790;176,98;60,4;169,3;M
1791;180,26;65,2;174,35;M
1792;182,93;65,8;172;F
1793;178,75;60,8;168,15;M
1794;176,22;65;174;M
1795;177,8;65;173,5;M
1796;176,12;57,6;163,45;M
1797;174,84;63;170,5;M
1798;174,84;63;170,5;M
1799;180,2;56,5;156,25;F
1800;177,27;67,4;174,1;M
1801;179,44;57,4;157,15;F
1802;180,33;58,4;157,9;F
1803;177,17;58,8;158,85;F
1804;177,6;61,3;164,2;M
1805;176,91;64;162,25;F
1806;176,12;80,8;185,8;M
1807;179,01;77,9;181;M
1808;175,66;67;164,5;F
1809;176,38;63;159;F
1810;181,25;77,3;176,5;M
1811;181,25;77,3;176,5;M
1812;185,26;65,9;158,95;F
1813;180,69;73,2;171;M
1814;175,23;67,4;165,3;M
1815;183,12;73;168;M
1816;179,51;74,3;170,25;M
1817;176,48;87,2;184;M
1818;176,84;68,3;162,5;M
1819;176,42;70;160;F
1820;179,64;75,2;164,5;F
1821;180,53;89,1;178;M
1822;174,41;77,6;166,4;M
1823;179,8;74,5;158,5;M
1824;190,36;42,3;151,9;F
1825;191,08;52,6;167;F
1826;189,63;55;168;F
1827;188,75;62;178;M
1828;196,31;52,2;157,55;M
1829;195,85;54,6;154,55;M
1830;189,5;65,4;168,95;M
1831;200,55;55,2;165;F
1832;219,78;48;168;F
1833;220,47;49;169;F
1834;218,01;46;163;F
1835;221,82;50;169;F
1836;219,98;55;172;M
1837;220,41;51;169;F
1838;221,79;45;158;F
1839;216;50;165;F
1840;221,88;53;168;F
1841;220,93;51;163;F
1842;219,42;51;162;F
1843;221,36;55;167;F
1844;220,47;57;169;F
1845;217,68;51;158;F
1846;211,36;72;183;M
1847;214,32;50,9;154,4;F
1848;219,81;52;154;F
1849;220,8;57;158;F
1850;220,9;70;174;F
1851;220,83;66;168;F
1852;220,9;76;178;F
1853;221,72;59;155;F
1854;221,82;84;183;M
1855;218,5;71;169;F
1856;219,45;65;157;F
1857;221,59;73;165;F
1858;221,72;95;168;F
1859;225,04;38;169;F
1860;225,24;33;155;F
1861;228,49;48;178;F
1862;225,07;55;181;M
1863;227,8;51;178;F
1864;224,94;59;184;M
1865;224,45;53;179;F
1866;225,8;43;159;F
1867;223,5;48;168;F
1868;226,29;48;167;F
1869;228,1;50;170;F
1870;224,02;46;163;F
1871;225,3;51;171;F
1872;226,19;55;171;M
1873;227,57;47;162;F
1874;225,3;65;185;M
1875;226,39;63;181;M
1876;227,08;55;173;F
1877;222,05;46;158;F
1878;228,46;52;167;F
1879;225,21;46;157;F
1880;223,2;49;162;F
1881;226,92;48;160;F
1882;228,85;57;174;F
1883;222,9;59;177;F
1884;224,84;67;184;M
1885;226,49;51;164;F
1886;227,28;53;167;F
1887;227,21;50;162;F
1888;225,93;50;162;F
1889;228,26;50,5;162;F
1890;223,99;48;158;F
1891;226,49;52;164;F
1892;227,38;48;157,5;F
1893;227,74;49;159;F
1894;225,11;53;165;F
1895;224,35;53,5;165;F
1896;228,03;48;156;F
1897;227,31;62;177;F
1898;228,82;55;166;F
1899;225,93;57;169;F
1900;223,66;53;163;F
